Group,Layer,Type,BBox,ZOrder,Priority,CommercialAction,CubismTarget,Notes
00_GUIDE_COMMERCIAL_CLEANUP,Canvas_Guide_850x1106,paint,"0,0,850,1106",1,S,original,PartCanvasGuide850x1106,Final production split layer; redraw hidden area before rigging.
00_GUIDE_COMMERCIAL_CLEANUP,SafeArea_Model,paint,"0,0,850,1106",2,S,original,PartSafeareaModel,Final production split layer; redraw hidden area before rigging.
00_GUIDE_COMMERCIAL_CLEANUP,SafeArea_Motion,paint,"0,0,850,1106",3,S,original,PartSafeareaMotion,Final production split layer; redraw hidden area before rigging.
00_GUIDE_COMMERCIAL_CLEANUP,BrandLogo_Left_Remove,redraw,"0,0,850,1106",4,S,replace,PartBrandlogoLeftRemove,Final production split layer; redraw hidden area before rigging.
00_GUIDE_COMMERCIAL_CLEANUP,ProfileCard_Left_Redraw,redraw,"0,0,850,1106",5,S,replace,PartProfilecardLeftRedraw,Final production split layer; redraw hidden area before rigging.
00_GUIDE_COMMERCIAL_CLEANUP,TopRight_Brand_Remove,redraw,"0,0,850,1106",6,S,replace,PartToprightBrandRemove,Final production split layer; redraw hidden area before rigging.
00_GUIDE_COMMERCIAL_CLEANUP,Stamp_BottomLeft_Redraw,redraw,"0,0,850,1106",7,S,replace,PartStampBottomleftRedraw,Final production split layer; redraw hidden area before rigging.
00_GUIDE_COMMERCIAL_CLEANUP,Aurelia_Starflower_Master,paint,"0,0,850,1106",8,S,original,PartAureliaStarflowerMaster,Final production split layer; redraw hidden area before rigging.
00_GUIDE_COMMERCIAL_CLEANUP,Palette_Commercial,paint,"0,0,850,1106",9,S,original,PartPaletteCommercial,Final production split layer; redraw hidden area before rigging.
00_GUIDE_COMMERCIAL_CLEANUP,DoNotExport_Notes,paint,"0,0,850,1106",10,S,original,PartDonotexportNotes,Final production split layer; redraw hidden area before rigging.
01_BODY_BASE,Body_Torso_Base,redraw,"223,341,591,747",11,S,original,PartBodyTorsoBase,Final production split layer; redraw hidden area before rigging.
01_BODY_BASE,Body_Torso_Shadow,paint,"223,341,591,747",12,S,original,PartBodyTorsoShadow,Final production split layer; redraw hidden area before rigging.
01_BODY_BASE,Body_Neck_Base,redraw,"223,341,591,747",13,S,original,PartBodyNeckBase,Final production split layer; redraw hidden area before rigging.
01_BODY_BASE,Body_Neck_Shadow,paint,"223,341,591,747",14,S,original,PartBodyNeckShadow,Final production split layer; redraw hidden area before rigging.
01_BODY_BASE,Body_Shoulder_L,paint,"223,341,591,747",15,S,original,PartBodyShoulderL,Final production split layer; redraw hidden area before rigging.
01_BODY_BASE,Body_Shoulder_R,paint,"223,341,591,747",16,S,original,PartBodyShoulderR,Final production split layer; redraw hidden area before rigging.
01_BODY_BASE,Body_Chest_Breath_Highlight,paint,"223,341,591,747",17,S,original,PartBodyChestBreathHighlight,Final production split layer; redraw hidden area before rigging.
01_BODY_BASE,Body_Chest_Breath_Shadow,paint,"223,341,591,747",18,S,original,PartBodyChestBreathShadow,Final production split layer; redraw hidden area before rigging.
01_BODY_BASE,Body_Waist_Base,redraw,"223,341,591,747",19,S,original,PartBodyWaistBase,Final production split layer; redraw hidden area before rigging.
01_BODY_BASE,Body_Hip_Base,redraw,"223,341,591,747",20,S,original,PartBodyHipBase,Final production split layer; redraw hidden area before rigging.
01_BODY_BASE,Body_Backfill_UnderBlouse,redraw,"223,341,591,747",21,S,original,PartBodyBackfillUnderblouse,Final production split layer; redraw hidden area before rigging.
01_BODY_BASE,Body_Backfill_UnderCape,redraw,"223,341,591,747",22,S,original,PartBodyBackfillUndercape,Final production split layer; redraw hidden area before rigging.
02_HEAD_FACE,Head_Base,redraw,"312,144,474,333",23,S,original,PartHeadBase,Final production split layer; redraw hidden area before rigging.
02_HEAD_FACE,Face_Base,redraw,"312,144,474,333",24,S,original,PartFaceBase,Final production split layer; redraw hidden area before rigging.
02_HEAD_FACE,Face_Forehead_Backfill,redraw,"312,144,474,333",25,S,original,PartFaceForeheadBackfill,Final production split layer; redraw hidden area before rigging.
02_HEAD_FACE,Face_Cheek_L,paint,"312,144,474,333",26,S,original,PartFaceCheekL,Final production split layer; redraw hidden area before rigging.
02_HEAD_FACE,Face_Cheek_R,paint,"312,144,474,333",27,S,original,PartFaceCheekR,Final production split layer; redraw hidden area before rigging.
02_HEAD_FACE,Face_Chin_Shadow,paint,"312,144,474,333",28,S,original,PartFaceChinShadow,Final production split layer; redraw hidden area before rigging.
02_HEAD_FACE,Ear_L_Base,redraw,"312,144,474,333",29,S,original,PartEarLBase,Final production split layer; redraw hidden area before rigging.
02_HEAD_FACE,Ear_R_Base,redraw,"312,144,474,333",30,S,original,PartEarRBase,Final production split layer; redraw hidden area before rigging.
02_HEAD_FACE,Nose_Line,paint,"312,144,474,333",31,S,original,PartNoseLine,Final production split layer; redraw hidden area before rigging.
02_HEAD_FACE,Nose_Shadow,paint,"312,144,474,333",32,S,original,PartNoseShadow,Final production split layer; redraw hidden area before rigging.
02_HEAD_FACE,Blush_Soft,paint,"312,144,474,333",33,S,original,PartBlushSoft,Final production split layer; redraw hidden area before rigging.
02_HEAD_FACE,Blush_Strong,paint,"312,144,474,333",34,S,original,PartBlushStrong,Final production split layer; redraw hidden area before rigging.
02_HEAD_FACE,Sweat_Drop,paint,"312,144,474,333",35,S,original,PartSweatDrop,Final production split layer; redraw hidden area before rigging.
02_HEAD_FACE,Tear_L,paint,"312,144,474,333",36,S,original,PartTearL,Final production split layer; redraw hidden area before rigging.
02_HEAD_FACE,Tear_R,paint,"312,144,474,333",37,S,original,PartTearR,Final production split layer; redraw hidden area before rigging.
02_HEAD_FACE,Embarrassed_Shadow,paint,"312,144,474,333",38,S,original,PartEmbarrassedShadow,Final production split layer; redraw hidden area before rigging.
02_HEAD_FACE,Angry_Mark,paint,"312,144,474,333",39,S,original,PartAngryMark,Final production split layer; redraw hidden area before rigging.
02_HEAD_FACE,Question_Mark,paint,"312,144,474,333",40,S,original,PartQuestionMark,Final production split layer; redraw hidden area before rigging.
03_EYES_BROWS_MOUTH_GLASSES,Eye_L_White,paint,"311,204,467,312",41,S,original,PartEyeLWhite,Final production split layer; redraw hidden area before rigging.
03_EYES_BROWS_MOUTH_GLASSES,Eye_L_Iris_Base,redraw,"311,204,467,312",42,S,original,PartEyeLIrisBase,Final production split layer; redraw hidden area before rigging.
03_EYES_BROWS_MOUTH_GLASSES,Eye_L_Iris_Shadow,paint,"311,204,467,312",43,S,original,PartEyeLIrisShadow,Final production split layer; redraw hidden area before rigging.
03_EYES_BROWS_MOUTH_GLASSES,Eye_L_Pupil,paint,"311,204,467,312",44,S,original,PartEyeLPupil,Final production split layer; redraw hidden area before rigging.
03_EYES_BROWS_MOUTH_GLASSES,Eye_L_Highlight_Main,paint,"311,204,467,312",45,S,original,PartEyeLHighlightMain,Final production split layer; redraw hidden area before rigging.
03_EYES_BROWS_MOUTH_GLASSES,Eye_L_Highlight_Sub,paint,"311,204,467,312",46,S,original,PartEyeLHighlightSub,Final production split layer; redraw hidden area before rigging.
03_EYES_BROWS_MOUTH_GLASSES,Eye_L_UpperLid,paint,"311,204,467,312",47,S,original,PartEyeLUpperlid,Final production split layer; redraw hidden area before rigging.
03_EYES_BROWS_MOUTH_GLASSES,Eye_L_LowerLid,paint,"311,204,467,312",48,S,original,PartEyeLLowerlid,Final production split layer; redraw hidden area before rigging.
03_EYES_BROWS_MOUTH_GLASSES,Eye_L_Lash_Upper,paint,"311,204,467,312",49,S,original,PartEyeLLashUpper,Final production split layer; redraw hidden area before rigging.
03_EYES_BROWS_MOUTH_GLASSES,Eye_L_Lash_Lower,paint,"311,204,467,312",50,S,original,PartEyeLLashLower,Final production split layer; redraw hidden area before rigging.
03_EYES_BROWS_MOUTH_GLASSES,Eye_R_White,paint,"311,204,467,312",51,S,original,PartEyeRWhite,Final production split layer; redraw hidden area before rigging.
03_EYES_BROWS_MOUTH_GLASSES,Eye_R_Iris_Base,redraw,"311,204,467,312",52,S,original,PartEyeRIrisBase,Final production split layer; redraw hidden area before rigging.
03_EYES_BROWS_MOUTH_GLASSES,Eye_R_Iris_Shadow,paint,"311,204,467,312",53,S,original,PartEyeRIrisShadow,Final production split layer; redraw hidden area before rigging.
03_EYES_BROWS_MOUTH_GLASSES,Eye_R_Pupil,paint,"311,204,467,312",54,S,original,PartEyeRPupil,Final production split layer; redraw hidden area before rigging.
03_EYES_BROWS_MOUTH_GLASSES,Eye_R_Highlight_Main,paint,"311,204,467,312",55,S,original,PartEyeRHighlightMain,Final production split layer; redraw hidden area before rigging.
03_EYES_BROWS_MOUTH_GLASSES,Eye_R_Highlight_Sub,paint,"311,204,467,312",56,S,original,PartEyeRHighlightSub,Final production split layer; redraw hidden area before rigging.
03_EYES_BROWS_MOUTH_GLASSES,Eye_R_UpperLid,paint,"311,204,467,312",57,S,original,PartEyeRUpperlid,Final production split layer; redraw hidden area before rigging.
03_EYES_BROWS_MOUTH_GLASSES,Eye_R_LowerLid,paint,"311,204,467,312",58,S,original,PartEyeRLowerlid,Final production split layer; redraw hidden area before rigging.
03_EYES_BROWS_MOUTH_GLASSES,Eye_R_Lash_Upper,paint,"311,204,467,312",59,S,original,PartEyeRLashUpper,Final production split layer; redraw hidden area before rigging.
03_EYES_BROWS_MOUTH_GLASSES,Eye_R_Lash_Lower,paint,"311,204,467,312",60,S,original,PartEyeRLashLower,Final production split layer; redraw hidden area before rigging.
03_EYES_BROWS_MOUTH_GLASSES,Brow_L_Base,redraw,"311,204,467,312",61,S,original,PartBrowLBase,Final production split layer; redraw hidden area before rigging.
03_EYES_BROWS_MOUTH_GLASSES,Brow_L_Angry,paint,"311,204,467,312",62,S,original,PartBrowLAngry,Final production split layer; redraw hidden area before rigging.
03_EYES_BROWS_MOUTH_GLASSES,Brow_L_Sad,paint,"311,204,467,312",63,S,original,PartBrowLSad,Final production split layer; redraw hidden area before rigging.
03_EYES_BROWS_MOUTH_GLASSES,Brow_R_Base,redraw,"311,204,467,312",64,S,original,PartBrowRBase,Final production split layer; redraw hidden area before rigging.
03_EYES_BROWS_MOUTH_GLASSES,Brow_R_Angry,paint,"311,204,467,312",65,S,original,PartBrowRAngry,Final production split layer; redraw hidden area before rigging.
03_EYES_BROWS_MOUTH_GLASSES,Brow_R_Sad,paint,"311,204,467,312",66,S,original,PartBrowRSad,Final production split layer; redraw hidden area before rigging.
03_EYES_BROWS_MOUTH_GLASSES,Mouth_Inner,paint,"311,204,467,312",67,S,original,PartMouthInner,Final production split layer; redraw hidden area before rigging.
03_EYES_BROWS_MOUTH_GLASSES,Mouth_Line_Neutral,paint,"311,204,467,312",68,S,original,PartMouthLineNeutral,Final production split layer; redraw hidden area before rigging.
03_EYES_BROWS_MOUTH_GLASSES,Mouth_Line_Smile,paint,"311,204,467,312",69,S,original,PartMouthLineSmile,Final production split layer; redraw hidden area before rigging.
03_EYES_BROWS_MOUTH_GLASSES,Mouth_Line_Frown,paint,"311,204,467,312",70,S,original,PartMouthLineFrown,Final production split layer; redraw hidden area before rigging.
03_EYES_BROWS_MOUTH_GLASSES,Mouth_Teeth,paint,"311,204,467,312",71,S,original,PartMouthTeeth,Final production split layer; redraw hidden area before rigging.
03_EYES_BROWS_MOUTH_GLASSES,Mouth_Tongue,paint,"311,204,467,312",72,S,original,PartMouthTongue,Final production split layer; redraw hidden area before rigging.
03_EYES_BROWS_MOUTH_GLASSES,Mouth_A,paint,"311,204,467,312",73,S,original,PartMouthA,Final production split layer; redraw hidden area before rigging.
03_EYES_BROWS_MOUTH_GLASSES,Mouth_I,paint,"311,204,467,312",74,S,original,PartMouthI,Final production split layer; redraw hidden area before rigging.
03_EYES_BROWS_MOUTH_GLASSES,Mouth_U,paint,"311,204,467,312",75,S,original,PartMouthU,Final production split layer; redraw hidden area before rigging.
03_EYES_BROWS_MOUTH_GLASSES,Mouth_E,paint,"311,204,467,312",76,S,original,PartMouthE,Final production split layer; redraw hidden area before rigging.
03_EYES_BROWS_MOUTH_GLASSES,Mouth_O,paint,"311,204,467,312",77,S,original,PartMouthO,Final production split layer; redraw hidden area before rigging.
03_EYES_BROWS_MOUTH_GLASSES,Glasses_Frame_L,paint,"311,204,467,312",78,S,original,PartGlassesFrameL,Final production split layer; redraw hidden area before rigging.
03_EYES_BROWS_MOUTH_GLASSES,Glasses_Frame_R,paint,"311,204,467,312",79,S,original,PartGlassesFrameR,Final production split layer; redraw hidden area before rigging.
03_EYES_BROWS_MOUTH_GLASSES,Glasses_Bridge,paint,"311,204,467,312",80,S,original,PartGlassesBridge,Final production split layer; redraw hidden area before rigging.
03_EYES_BROWS_MOUTH_GLASSES,Glasses_Lens_L,paint,"311,204,467,312",81,S,original,PartGlassesLensL,Final production split layer; redraw hidden area before rigging.
03_EYES_BROWS_MOUTH_GLASSES,Glasses_Lens_R,paint,"311,204,467,312",82,S,original,PartGlassesLensR,Final production split layer; redraw hidden area before rigging.
03_EYES_BROWS_MOUTH_GLASSES,Glasses_Reflection_L,paint,"311,204,467,312",83,S,original,PartGlassesReflectionL,Final production split layer; redraw hidden area before rigging.
03_EYES_BROWS_MOUTH_GLASSES,Glasses_Reflection_R,paint,"311,204,467,312",84,S,original,PartGlassesReflectionR,Final production split layer; redraw hidden area before rigging.
03_EYES_BROWS_MOUTH_GLASSES,Glasses_Temple_L,paint,"311,204,467,312",85,S,original,PartGlassesTempleL,Final production split layer; redraw hidden area before rigging.
03_EYES_BROWS_MOUTH_GLASSES,Glasses_Temple_R,paint,"311,204,467,312",86,S,original,PartGlassesTempleR,Final production split layer; redraw hidden area before rigging.
04_HAIR,Ahoge_01,paint,"159,53,719,988",87,S,original,PartAhoge01,Final production split layer; redraw hidden area before rigging.
04_HAIR,Ahoge_02,paint,"159,53,719,988",88,S,original,PartAhoge02,Final production split layer; redraw hidden area before rigging.
04_HAIR,Ahoge_03,paint,"159,53,719,988",89,S,original,PartAhoge03,Final production split layer; redraw hidden area before rigging.
04_HAIR,Bang_Center_01,paint,"159,53,719,988",90,S,original,PartBangCenter01,Final production split layer; redraw hidden area before rigging.
04_HAIR,Bang_Center_02,paint,"159,53,719,988",91,S,original,PartBangCenter02,Final production split layer; redraw hidden area before rigging.
04_HAIR,Bang_Center_03,paint,"159,53,719,988",92,S,original,PartBangCenter03,Final production split layer; redraw hidden area before rigging.
04_HAIR,Bang_Center_04,paint,"159,53,719,988",93,S,original,PartBangCenter04,Final production split layer; redraw hidden area before rigging.
04_HAIR,Bang_Center_05,paint,"159,53,719,988",94,S,original,PartBangCenter05,Final production split layer; redraw hidden area before rigging.
04_HAIR,Bang_Center_06,paint,"159,53,719,988",95,S,original,PartBangCenter06,Final production split layer; redraw hidden area before rigging.
04_HAIR,Bang_Center_07,paint,"159,53,719,988",96,S,original,PartBangCenter07,Final production split layer; redraw hidden area before rigging.
04_HAIR,Bang_Center_08,paint,"159,53,719,988",97,S,original,PartBangCenter08,Final production split layer; redraw hidden area before rigging.
04_HAIR,Bang_L_01,paint,"159,53,719,988",98,S,original,PartBangL01,Final production split layer; redraw hidden area before rigging.
04_HAIR,Bang_L_02,paint,"159,53,719,988",99,S,original,PartBangL02,Final production split layer; redraw hidden area before rigging.
04_HAIR,Bang_L_03,paint,"159,53,719,988",100,S,original,PartBangL03,Final production split layer; redraw hidden area before rigging.
04_HAIR,Bang_L_04,paint,"159,53,719,988",101,S,original,PartBangL04,Final production split layer; redraw hidden area before rigging.
04_HAIR,Bang_L_05,paint,"159,53,719,988",102,S,original,PartBangL05,Final production split layer; redraw hidden area before rigging.
04_HAIR,Bang_L_06,paint,"159,53,719,988",103,S,original,PartBangL06,Final production split layer; redraw hidden area before rigging.
04_HAIR,Bang_L_07,paint,"159,53,719,988",104,S,original,PartBangL07,Final production split layer; redraw hidden area before rigging.
04_HAIR,Bang_L_08,paint,"159,53,719,988",105,S,original,PartBangL08,Final production split layer; redraw hidden area before rigging.
04_HAIR,Bang_L_09,paint,"159,53,719,988",106,S,original,PartBangL09,Final production split layer; redraw hidden area before rigging.
04_HAIR,Bang_L_10,paint,"159,53,719,988",107,S,original,PartBangL10,Final production split layer; redraw hidden area before rigging.
04_HAIR,Bang_R_01,paint,"159,53,719,988",108,S,original,PartBangR01,Final production split layer; redraw hidden area before rigging.
04_HAIR,Bang_R_02,paint,"159,53,719,988",109,S,original,PartBangR02,Final production split layer; redraw hidden area before rigging.
04_HAIR,Bang_R_03,paint,"159,53,719,988",110,S,original,PartBangR03,Final production split layer; redraw hidden area before rigging.
04_HAIR,Bang_R_04,paint,"159,53,719,988",111,S,original,PartBangR04,Final production split layer; redraw hidden area before rigging.
04_HAIR,Bang_R_05,paint,"159,53,719,988",112,S,original,PartBangR05,Final production split layer; redraw hidden area before rigging.
04_HAIR,Bang_R_06,paint,"159,53,719,988",113,S,original,PartBangR06,Final production split layer; redraw hidden area before rigging.
04_HAIR,Bang_R_07,paint,"159,53,719,988",114,S,original,PartBangR07,Final production split layer; redraw hidden area before rigging.
04_HAIR,Bang_R_08,paint,"159,53,719,988",115,S,original,PartBangR08,Final production split layer; redraw hidden area before rigging.
04_HAIR,Bang_R_09,paint,"159,53,719,988",116,S,original,PartBangR09,Final production split layer; redraw hidden area before rigging.
04_HAIR,Bang_R_10,paint,"159,53,719,988",117,S,original,PartBangR10,Final production split layer; redraw hidden area before rigging.
04_HAIR,Hair_Back_Base,redraw,"159,53,719,988",118,S,original,PartHairBackBase,Final production split layer; redraw hidden area before rigging.
04_HAIR,Hair_Back_Inner,paint,"159,53,719,988",119,S,original,PartHairBackInner,Final production split layer; redraw hidden area before rigging.
04_HAIR,Hair_Back_Outer,paint,"159,53,719,988",120,S,original,PartHairBackOuter,Final production split layer; redraw hidden area before rigging.
04_HAIR,Hair_Back_Shadow,paint,"159,53,719,988",121,S,original,PartHairBackShadow,Final production split layer; redraw hidden area before rigging.
04_HAIR,Hair_Back_Highlight,paint,"159,53,719,988",122,S,original,PartHairBackHighlight,Final production split layer; redraw hidden area before rigging.
04_HAIR,SideHair_L_01,paint,"159,53,719,988",123,S,original,PartSidehairL01,Final production split layer; redraw hidden area before rigging.
04_HAIR,SideHair_L_02,paint,"159,53,719,988",124,S,original,PartSidehairL02,Final production split layer; redraw hidden area before rigging.
04_HAIR,SideHair_L_03,paint,"159,53,719,988",125,S,original,PartSidehairL03,Final production split layer; redraw hidden area before rigging.
04_HAIR,SideHair_L_04,paint,"159,53,719,988",126,S,original,PartSidehairL04,Final production split layer; redraw hidden area before rigging.
04_HAIR,SideHair_L_05,paint,"159,53,719,988",127,S,original,PartSidehairL05,Final production split layer; redraw hidden area before rigging.
04_HAIR,SideHair_L_06,paint,"159,53,719,988",128,S,original,PartSidehairL06,Final production split layer; redraw hidden area before rigging.
04_HAIR,SideHair_L_07,paint,"159,53,719,988",129,S,original,PartSidehairL07,Final production split layer; redraw hidden area before rigging.
04_HAIR,SideHair_L_08,paint,"159,53,719,988",130,S,original,PartSidehairL08,Final production split layer; redraw hidden area before rigging.
04_HAIR,SideHair_L_09,paint,"159,53,719,988",131,S,original,PartSidehairL09,Final production split layer; redraw hidden area before rigging.
04_HAIR,SideHair_L_10,paint,"159,53,719,988",132,S,original,PartSidehairL10,Final production split layer; redraw hidden area before rigging.
04_HAIR,SideHair_L_11,paint,"159,53,719,988",133,S,original,PartSidehairL11,Final production split layer; redraw hidden area before rigging.
04_HAIR,SideHair_L_12,paint,"159,53,719,988",134,S,original,PartSidehairL12,Final production split layer; redraw hidden area before rigging.
04_HAIR,SideHair_R_01,paint,"159,53,719,988",135,S,original,PartSidehairR01,Final production split layer; redraw hidden area before rigging.
04_HAIR,SideHair_R_02,paint,"159,53,719,988",136,S,original,PartSidehairR02,Final production split layer; redraw hidden area before rigging.
04_HAIR,SideHair_R_03,paint,"159,53,719,988",137,S,original,PartSidehairR03,Final production split layer; redraw hidden area before rigging.
04_HAIR,SideHair_R_04,paint,"159,53,719,988",138,S,original,PartSidehairR04,Final production split layer; redraw hidden area before rigging.
04_HAIR,SideHair_R_05,paint,"159,53,719,988",139,S,original,PartSidehairR05,Final production split layer; redraw hidden area before rigging.
04_HAIR,SideHair_R_06,paint,"159,53,719,988",140,S,original,PartSidehairR06,Final production split layer; redraw hidden area before rigging.
04_HAIR,SideHair_R_07,paint,"159,53,719,988",141,S,original,PartSidehairR07,Final production split layer; redraw hidden area before rigging.
04_HAIR,SideHair_R_08,paint,"159,53,719,988",142,S,original,PartSidehairR08,Final production split layer; redraw hidden area before rigging.
04_HAIR,SideHair_R_09,paint,"159,53,719,988",143,S,original,PartSidehairR09,Final production split layer; redraw hidden area before rigging.
04_HAIR,SideHair_R_10,paint,"159,53,719,988",144,S,original,PartSidehairR10,Final production split layer; redraw hidden area before rigging.
04_HAIR,SideHair_R_11,paint,"159,53,719,988",145,S,original,PartSidehairR11,Final production split layer; redraw hidden area before rigging.
04_HAIR,SideHair_R_12,paint,"159,53,719,988",146,S,original,PartSidehairR12,Final production split layer; redraw hidden area before rigging.
04_HAIR,LongStrand_L_01,paint,"159,53,719,988",147,S,original,PartLongstrandL01,Final production split layer; redraw hidden area before rigging.
04_HAIR,LongStrand_L_02,paint,"159,53,719,988",148,S,original,PartLongstrandL02,Final production split layer; redraw hidden area before rigging.
04_HAIR,LongStrand_L_03,paint,"159,53,719,988",149,S,original,PartLongstrandL03,Final production split layer; redraw hidden area before rigging.
04_HAIR,LongStrand_L_04,paint,"159,53,719,988",150,S,original,PartLongstrandL04,Final production split layer; redraw hidden area before rigging.
04_HAIR,LongStrand_L_05,paint,"159,53,719,988",151,S,original,PartLongstrandL05,Final production split layer; redraw hidden area before rigging.
04_HAIR,LongStrand_L_06,paint,"159,53,719,988",152,S,original,PartLongstrandL06,Final production split layer; redraw hidden area before rigging.
04_HAIR,LongStrand_L_07,paint,"159,53,719,988",153,S,original,PartLongstrandL07,Final production split layer; redraw hidden area before rigging.
04_HAIR,LongStrand_L_08,paint,"159,53,719,988",154,S,original,PartLongstrandL08,Final production split layer; redraw hidden area before rigging.
04_HAIR,LongStrand_L_09,paint,"159,53,719,988",155,S,original,PartLongstrandL09,Final production split layer; redraw hidden area before rigging.
04_HAIR,LongStrand_L_10,paint,"159,53,719,988",156,S,original,PartLongstrandL10,Final production split layer; redraw hidden area before rigging.
04_HAIR,LongStrand_R_01,paint,"159,53,719,988",157,S,original,PartLongstrandR01,Final production split layer; redraw hidden area before rigging.
04_HAIR,LongStrand_R_02,paint,"159,53,719,988",158,S,original,PartLongstrandR02,Final production split layer; redraw hidden area before rigging.
04_HAIR,LongStrand_R_03,paint,"159,53,719,988",159,S,original,PartLongstrandR03,Final production split layer; redraw hidden area before rigging.
04_HAIR,LongStrand_R_04,paint,"159,53,719,988",160,S,original,PartLongstrandR04,Final production split layer; redraw hidden area before rigging.
04_HAIR,LongStrand_R_05,paint,"159,53,719,988",161,S,original,PartLongstrandR05,Final production split layer; redraw hidden area before rigging.
04_HAIR,LongStrand_R_06,paint,"159,53,719,988",162,S,original,PartLongstrandR06,Final production split layer; redraw hidden area before rigging.
04_HAIR,LongStrand_R_07,paint,"159,53,719,988",163,S,original,PartLongstrandR07,Final production split layer; redraw hidden area before rigging.
04_HAIR,LongStrand_R_08,paint,"159,53,719,988",164,S,original,PartLongstrandR08,Final production split layer; redraw hidden area before rigging.
04_HAIR,LongStrand_R_09,paint,"159,53,719,988",165,S,original,PartLongstrandR09,Final production split layer; redraw hidden area before rigging.
04_HAIR,LongStrand_R_10,paint,"159,53,719,988",166,S,original,PartLongstrandR10,Final production split layer; redraw hidden area before rigging.
04_HAIR,HairTip_L_01,paint,"159,53,719,988",167,S,original,PartHairtipL01,Final production split layer; redraw hidden area before rigging.
04_HAIR,HairTip_L_02,paint,"159,53,719,988",168,S,original,PartHairtipL02,Final production split layer; redraw hidden area before rigging.
04_HAIR,HairTip_L_03,paint,"159,53,719,988",169,S,original,PartHairtipL03,Final production split layer; redraw hidden area before rigging.
04_HAIR,HairTip_L_04,paint,"159,53,719,988",170,S,original,PartHairtipL04,Final production split layer; redraw hidden area before rigging.
04_HAIR,HairTip_L_05,paint,"159,53,719,988",171,S,original,PartHairtipL05,Final production split layer; redraw hidden area before rigging.
04_HAIR,HairTip_L_06,paint,"159,53,719,988",172,S,original,PartHairtipL06,Final production split layer; redraw hidden area before rigging.
04_HAIR,HairTip_L_07,paint,"159,53,719,988",173,S,original,PartHairtipL07,Final production split layer; redraw hidden area before rigging.
04_HAIR,HairTip_L_08,paint,"159,53,719,988",174,S,original,PartHairtipL08,Final production split layer; redraw hidden area before rigging.
04_HAIR,HairTip_R_01,paint,"159,53,719,988",175,S,original,PartHairtipR01,Final production split layer; redraw hidden area before rigging.
04_HAIR,HairTip_R_02,paint,"159,53,719,988",176,S,original,PartHairtipR02,Final production split layer; redraw hidden area before rigging.
04_HAIR,HairTip_R_03,paint,"159,53,719,988",177,S,original,PartHairtipR03,Final production split layer; redraw hidden area before rigging.
04_HAIR,HairTip_R_04,paint,"159,53,719,988",178,S,original,PartHairtipR04,Final production split layer; redraw hidden area before rigging.
04_HAIR,HairTip_R_05,paint,"159,53,719,988",179,S,original,PartHairtipR05,Final production split layer; redraw hidden area before rigging.
04_HAIR,HairTip_R_06,paint,"159,53,719,988",180,S,original,PartHairtipR06,Final production split layer; redraw hidden area before rigging.
04_HAIR,HairTip_R_07,paint,"159,53,719,988",181,S,original,PartHairtipR07,Final production split layer; redraw hidden area before rigging.
04_HAIR,HairTip_R_08,paint,"159,53,719,988",182,S,original,PartHairtipR08,Final production split layer; redraw hidden area before rigging.
05_OUTFIT_BLOUSE_BOW,Blouse_Base,redraw,"223,328,591,666",183,S,original,PartBlouseBase,Final production split layer; redraw hidden area before rigging.
05_OUTFIT_BLOUSE_BOW,Blouse_Shadow,paint,"223,328,591,666",184,S,original,PartBlouseShadow,Final production split layer; redraw hidden area before rigging.
05_OUTFIT_BLOUSE_BOW,Blouse_Highlight,paint,"223,328,591,666",185,S,original,PartBlouseHighlight,Final production split layer; redraw hidden area before rigging.
05_OUTFIT_BLOUSE_BOW,Collar_L,paint,"223,328,591,666",186,S,original,PartCollarL,Final production split layer; redraw hidden area before rigging.
05_OUTFIT_BLOUSE_BOW,Collar_R,paint,"223,328,591,666",187,S,original,PartCollarR,Final production split layer; redraw hidden area before rigging.
05_OUTFIT_BLOUSE_BOW,Collar_Shadow,paint,"223,328,591,666",188,S,original,PartCollarShadow,Final production split layer; redraw hidden area before rigging.
05_OUTFIT_BLOUSE_BOW,Chest_Ruffle_01,paint,"223,328,591,666",189,S,original,PartChestRuffle01,Final production split layer; redraw hidden area before rigging.
05_OUTFIT_BLOUSE_BOW,Chest_Ruffle_02,paint,"223,328,591,666",190,S,original,PartChestRuffle02,Final production split layer; redraw hidden area before rigging.
05_OUTFIT_BLOUSE_BOW,Chest_Ruffle_03,paint,"223,328,591,666",191,S,original,PartChestRuffle03,Final production split layer; redraw hidden area before rigging.
05_OUTFIT_BLOUSE_BOW,Chest_Ruffle_04,paint,"223,328,591,666",192,S,original,PartChestRuffle04,Final production split layer; redraw hidden area before rigging.
05_OUTFIT_BLOUSE_BOW,Chest_Ruffle_05,paint,"223,328,591,666",193,S,original,PartChestRuffle05,Final production split layer; redraw hidden area before rigging.
05_OUTFIT_BLOUSE_BOW,Chest_Ruffle_06,paint,"223,328,591,666",194,S,original,PartChestRuffle06,Final production split layer; redraw hidden area before rigging.
05_OUTFIT_BLOUSE_BOW,Button_01,paint,"223,328,591,666",195,S,original,PartButton01,Final production split layer; redraw hidden area before rigging.
05_OUTFIT_BLOUSE_BOW,Button_02,paint,"223,328,591,666",196,S,original,PartButton02,Final production split layer; redraw hidden area before rigging.
05_OUTFIT_BLOUSE_BOW,Button_03,paint,"223,328,591,666",197,S,original,PartButton03,Final production split layer; redraw hidden area before rigging.
05_OUTFIT_BLOUSE_BOW,Button_04,paint,"223,328,591,666",198,S,original,PartButton04,Final production split layer; redraw hidden area before rigging.
05_OUTFIT_BLOUSE_BOW,Sleeve_L_Upper,paint,"223,328,591,666",199,S,original,PartSleeveLUpper,Final production split layer; redraw hidden area before rigging.
05_OUTFIT_BLOUSE_BOW,Sleeve_L_Lower,paint,"223,328,591,666",200,S,original,PartSleeveLLower,Final production split layer; redraw hidden area before rigging.
05_OUTFIT_BLOUSE_BOW,Sleeve_L_Cuff,paint,"223,328,591,666",201,S,original,PartSleeveLCuff,Final production split layer; redraw hidden area before rigging.
05_OUTFIT_BLOUSE_BOW,Sleeve_L_Lace_01,paint,"223,328,591,666",202,S,original,PartSleeveLLace01,Final production split layer; redraw hidden area before rigging.
05_OUTFIT_BLOUSE_BOW,Sleeve_L_Lace_02,paint,"223,328,591,666",203,S,original,PartSleeveLLace02,Final production split layer; redraw hidden area before rigging.
05_OUTFIT_BLOUSE_BOW,Sleeve_R_Upper,paint,"223,328,591,666",204,S,original,PartSleeveRUpper,Final production split layer; redraw hidden area before rigging.
05_OUTFIT_BLOUSE_BOW,Sleeve_R_Lower,paint,"223,328,591,666",205,S,original,PartSleeveRLower,Final production split layer; redraw hidden area before rigging.
05_OUTFIT_BLOUSE_BOW,Sleeve_R_Cuff,paint,"223,328,591,666",206,S,original,PartSleeveRCuff,Final production split layer; redraw hidden area before rigging.
05_OUTFIT_BLOUSE_BOW,Sleeve_R_Lace_01,paint,"223,328,591,666",207,S,original,PartSleeveRLace01,Final production split layer; redraw hidden area before rigging.
05_OUTFIT_BLOUSE_BOW,Sleeve_R_Lace_02,paint,"223,328,591,666",208,S,original,PartSleeveRLace02,Final production split layer; redraw hidden area before rigging.
05_OUTFIT_BLOUSE_BOW,NeckBow_Knot,paint,"223,328,591,666",209,S,original,PartNeckbowKnot,Final production split layer; redraw hidden area before rigging.
05_OUTFIT_BLOUSE_BOW,NeckBow_Loop_L,paint,"223,328,591,666",210,S,original,PartNeckbowLoopL,Final production split layer; redraw hidden area before rigging.
05_OUTFIT_BLOUSE_BOW,NeckBow_Loop_R,paint,"223,328,591,666",211,S,original,PartNeckbowLoopR,Final production split layer; redraw hidden area before rigging.
05_OUTFIT_BLOUSE_BOW,NeckBow_Tail_L,paint,"223,328,591,666",212,S,original,PartNeckbowTailL,Final production split layer; redraw hidden area before rigging.
05_OUTFIT_BLOUSE_BOW,NeckBow_Tail_R,paint,"223,328,591,666",213,S,original,PartNeckbowTailR,Final production split layer; redraw hidden area before rigging.
05_OUTFIT_BLOUSE_BOW,Chest_Starflower_Center,paint,"223,328,591,666",214,S,original,PartChestStarflowerCenter,Final production split layer; redraw hidden area before rigging.
05_OUTFIT_BLOUSE_BOW,Chest_Starflower_Rays,paint,"223,328,591,666",215,S,original,PartChestStarflowerRays,Final production split layer; redraw hidden area before rigging.
05_OUTFIT_BLOUSE_BOW,Chest_Starflower_Glow,paint,"223,328,591,666",216,S,original,PartChestStarflowerGlow,Final production split layer; redraw hidden area before rigging.
06_CAPE_SKIRT_TRANSPARENT_CLOTH,Cape_Back_Base,redraw,"160,365,715,1018",217,S,original,PartCapeBackBase,Final production split layer; redraw hidden area before rigging.
06_CAPE_SKIRT_TRANSPARENT_CLOTH,Cape_Back_Texture,paint,"160,365,715,1018",218,S,original,PartCapeBackTexture,Final production split layer; redraw hidden area before rigging.
06_CAPE_SKIRT_TRANSPARENT_CLOTH,Cape_Back_Shadow,paint,"160,365,715,1018",219,S,original,PartCapeBackShadow,Final production split layer; redraw hidden area before rigging.
06_CAPE_SKIRT_TRANSPARENT_CLOTH,Cape_L_Outer,paint,"160,365,715,1018",220,S,original,PartCapeLOuter,Final production split layer; redraw hidden area before rigging.
06_CAPE_SKIRT_TRANSPARENT_CLOTH,Cape_L_Inner,paint,"160,365,715,1018",221,S,original,PartCapeLInner,Final production split layer; redraw hidden area before rigging.
06_CAPE_SKIRT_TRANSPARENT_CLOTH,Cape_L_Texture,paint,"160,365,715,1018",222,S,original,PartCapeLTexture,Final production split layer; redraw hidden area before rigging.
06_CAPE_SKIRT_TRANSPARENT_CLOTH,Cape_L_Edge,paint,"160,365,715,1018",223,S,original,PartCapeLEdge,Final production split layer; redraw hidden area before rigging.
06_CAPE_SKIRT_TRANSPARENT_CLOTH,Cape_L_Highlight,paint,"160,365,715,1018",224,S,original,PartCapeLHighlight,Final production split layer; redraw hidden area before rigging.
06_CAPE_SKIRT_TRANSPARENT_CLOTH,Cape_R_Outer,paint,"160,365,715,1018",225,S,original,PartCapeROuter,Final production split layer; redraw hidden area before rigging.
06_CAPE_SKIRT_TRANSPARENT_CLOTH,Cape_R_Inner,paint,"160,365,715,1018",226,S,original,PartCapeRInner,Final production split layer; redraw hidden area before rigging.
06_CAPE_SKIRT_TRANSPARENT_CLOTH,Cape_R_Texture,paint,"160,365,715,1018",227,S,original,PartCapeRTexture,Final production split layer; redraw hidden area before rigging.
06_CAPE_SKIRT_TRANSPARENT_CLOTH,Cape_R_Edge,paint,"160,365,715,1018",228,S,original,PartCapeREdge,Final production split layer; redraw hidden area before rigging.
06_CAPE_SKIRT_TRANSPARENT_CLOTH,Cape_R_Highlight,paint,"160,365,715,1018",229,S,original,PartCapeRHighlight,Final production split layer; redraw hidden area before rigging.
06_CAPE_SKIRT_TRANSPARENT_CLOTH,TransparentVeil_L,paint,"160,365,715,1018",230,S,original,PartTransparentveilL,Final production split layer; redraw hidden area before rigging.
06_CAPE_SKIRT_TRANSPARENT_CLOTH,TransparentVeil_L_Shadow,paint,"160,365,715,1018",231,S,original,PartTransparentveilLShadow,Final production split layer; redraw hidden area before rigging.
06_CAPE_SKIRT_TRANSPARENT_CLOTH,TransparentVeil_R,paint,"160,365,715,1018",232,S,original,PartTransparentveilR,Final production split layer; redraw hidden area before rigging.
06_CAPE_SKIRT_TRANSPARENT_CLOTH,TransparentVeil_R_Shadow,paint,"160,365,715,1018",233,S,original,PartTransparentveilRShadow,Final production split layer; redraw hidden area before rigging.
06_CAPE_SKIRT_TRANSPARENT_CLOTH,Skirt_Back_Base,redraw,"160,365,715,1018",234,S,original,PartSkirtBackBase,Final production split layer; redraw hidden area before rigging.
06_CAPE_SKIRT_TRANSPARENT_CLOTH,Skirt_Front_Base,redraw,"160,365,715,1018",235,S,original,PartSkirtFrontBase,Final production split layer; redraw hidden area before rigging.
06_CAPE_SKIRT_TRANSPARENT_CLOTH,Skirt_Inner_Shadow,paint,"160,365,715,1018",236,S,original,PartSkirtInnerShadow,Final production split layer; redraw hidden area before rigging.
06_CAPE_SKIRT_TRANSPARENT_CLOTH,Skirt_Lace_01,paint,"160,365,715,1018",237,S,original,PartSkirtLace01,Final production split layer; redraw hidden area before rigging.
06_CAPE_SKIRT_TRANSPARENT_CLOTH,Skirt_Lace_02,paint,"160,365,715,1018",238,S,original,PartSkirtLace02,Final production split layer; redraw hidden area before rigging.
06_CAPE_SKIRT_TRANSPARENT_CLOTH,Skirt_Lace_03,paint,"160,365,715,1018",239,S,original,PartSkirtLace03,Final production split layer; redraw hidden area before rigging.
06_CAPE_SKIRT_TRANSPARENT_CLOTH,Skirt_Lace_04,paint,"160,365,715,1018",240,S,original,PartSkirtLace04,Final production split layer; redraw hidden area before rigging.
06_CAPE_SKIRT_TRANSPARENT_CLOTH,Skirt_Lace_05,paint,"160,365,715,1018",241,S,original,PartSkirtLace05,Final production split layer; redraw hidden area before rigging.
06_CAPE_SKIRT_TRANSPARENT_CLOTH,Skirt_Lace_06,paint,"160,365,715,1018",242,S,original,PartSkirtLace06,Final production split layer; redraw hidden area before rigging.
06_CAPE_SKIRT_TRANSPARENT_CLOTH,Skirt_Lace_07,paint,"160,365,715,1018",243,S,original,PartSkirtLace07,Final production split layer; redraw hidden area before rigging.
06_CAPE_SKIRT_TRANSPARENT_CLOTH,Skirt_Lace_08,paint,"160,365,715,1018",244,S,original,PartSkirtLace08,Final production split layer; redraw hidden area before rigging.
06_CAPE_SKIRT_TRANSPARENT_CLOTH,Skirt_Lace_09,paint,"160,365,715,1018",245,S,original,PartSkirtLace09,Final production split layer; redraw hidden area before rigging.
06_CAPE_SKIRT_TRANSPARENT_CLOTH,Skirt_Lace_10,paint,"160,365,715,1018",246,S,original,PartSkirtLace10,Final production split layer; redraw hidden area before rigging.
06_CAPE_SKIRT_TRANSPARENT_CLOTH,Skirt_Lace_11,paint,"160,365,715,1018",247,S,original,PartSkirtLace11,Final production split layer; redraw hidden area before rigging.
06_CAPE_SKIRT_TRANSPARENT_CLOTH,Skirt_Lace_12,paint,"160,365,715,1018",248,S,original,PartSkirtLace12,Final production split layer; redraw hidden area before rigging.
06_CAPE_SKIRT_TRANSPARENT_CLOTH,Skirt_Lace_13,paint,"160,365,715,1018",249,S,original,PartSkirtLace13,Final production split layer; redraw hidden area before rigging.
06_CAPE_SKIRT_TRANSPARENT_CLOTH,Skirt_Lace_14,paint,"160,365,715,1018",250,S,original,PartSkirtLace14,Final production split layer; redraw hidden area before rigging.
06_CAPE_SKIRT_TRANSPARENT_CLOTH,Skirt_Lace_15,paint,"160,365,715,1018",251,S,original,PartSkirtLace15,Final production split layer; redraw hidden area before rigging.
06_CAPE_SKIRT_TRANSPARENT_CLOTH,Skirt_Lace_16,paint,"160,365,715,1018",252,S,original,PartSkirtLace16,Final production split layer; redraw hidden area before rigging.
06_CAPE_SKIRT_TRANSPARENT_CLOTH,Skirt_Lace_17,paint,"160,365,715,1018",253,S,original,PartSkirtLace17,Final production split layer; redraw hidden area before rigging.
06_CAPE_SKIRT_TRANSPARENT_CLOTH,Skirt_Lace_18,paint,"160,365,715,1018",254,S,original,PartSkirtLace18,Final production split layer; redraw hidden area before rigging.
06_CAPE_SKIRT_TRANSPARENT_CLOTH,Skirt_Lace_19,paint,"160,365,715,1018",255,S,original,PartSkirtLace19,Final production split layer; redraw hidden area before rigging.
06_CAPE_SKIRT_TRANSPARENT_CLOTH,Skirt_Lace_20,paint,"160,365,715,1018",256,S,original,PartSkirtLace20,Final production split layer; redraw hidden area before rigging.
06_CAPE_SKIRT_TRANSPARENT_CLOTH,Skirt_Lace_21,paint,"160,365,715,1018",257,S,original,PartSkirtLace21,Final production split layer; redraw hidden area before rigging.
06_CAPE_SKIRT_TRANSPARENT_CLOTH,Skirt_Lace_22,paint,"160,365,715,1018",258,S,original,PartSkirtLace22,Final production split layer; redraw hidden area before rigging.
06_CAPE_SKIRT_TRANSPARENT_CLOTH,Skirt_Lace_23,paint,"160,365,715,1018",259,S,original,PartSkirtLace23,Final production split layer; redraw hidden area before rigging.
06_CAPE_SKIRT_TRANSPARENT_CLOTH,Skirt_Lace_24,paint,"160,365,715,1018",260,S,original,PartSkirtLace24,Final production split layer; redraw hidden area before rigging.
06_CAPE_SKIRT_TRANSPARENT_CLOTH,Skirt_Frill_01,paint,"160,365,715,1018",261,S,original,PartSkirtFrill01,Final production split layer; redraw hidden area before rigging.
06_CAPE_SKIRT_TRANSPARENT_CLOTH,Skirt_Frill_02,paint,"160,365,715,1018",262,S,original,PartSkirtFrill02,Final production split layer; redraw hidden area before rigging.
06_CAPE_SKIRT_TRANSPARENT_CLOTH,Skirt_Frill_03,paint,"160,365,715,1018",263,S,original,PartSkirtFrill03,Final production split layer; redraw hidden area before rigging.
06_CAPE_SKIRT_TRANSPARENT_CLOTH,Skirt_Frill_04,paint,"160,365,715,1018",264,S,original,PartSkirtFrill04,Final production split layer; redraw hidden area before rigging.
06_CAPE_SKIRT_TRANSPARENT_CLOTH,Skirt_Frill_05,paint,"160,365,715,1018",265,S,original,PartSkirtFrill05,Final production split layer; redraw hidden area before rigging.
06_CAPE_SKIRT_TRANSPARENT_CLOTH,Skirt_Frill_06,paint,"160,365,715,1018",266,S,original,PartSkirtFrill06,Final production split layer; redraw hidden area before rigging.
06_CAPE_SKIRT_TRANSPARENT_CLOTH,Skirt_Frill_07,paint,"160,365,715,1018",267,S,original,PartSkirtFrill07,Final production split layer; redraw hidden area before rigging.
06_CAPE_SKIRT_TRANSPARENT_CLOTH,Skirt_Frill_08,paint,"160,365,715,1018",268,S,original,PartSkirtFrill08,Final production split layer; redraw hidden area before rigging.
06_CAPE_SKIRT_TRANSPARENT_CLOTH,Skirt_Frill_09,paint,"160,365,715,1018",269,S,original,PartSkirtFrill09,Final production split layer; redraw hidden area before rigging.
06_CAPE_SKIRT_TRANSPARENT_CLOTH,Skirt_Frill_10,paint,"160,365,715,1018",270,S,original,PartSkirtFrill10,Final production split layer; redraw hidden area before rigging.
06_CAPE_SKIRT_TRANSPARENT_CLOTH,Skirt_Frill_11,paint,"160,365,715,1018",271,S,original,PartSkirtFrill11,Final production split layer; redraw hidden area before rigging.
06_CAPE_SKIRT_TRANSPARENT_CLOTH,Skirt_Frill_12,paint,"160,365,715,1018",272,S,original,PartSkirtFrill12,Final production split layer; redraw hidden area before rigging.
06_CAPE_SKIRT_TRANSPARENT_CLOTH,Skirt_Frill_13,paint,"160,365,715,1018",273,S,original,PartSkirtFrill13,Final production split layer; redraw hidden area before rigging.
06_CAPE_SKIRT_TRANSPARENT_CLOTH,Skirt_Frill_14,paint,"160,365,715,1018",274,S,original,PartSkirtFrill14,Final production split layer; redraw hidden area before rigging.
06_CAPE_SKIRT_TRANSPARENT_CLOTH,Skirt_Frill_15,paint,"160,365,715,1018",275,S,original,PartSkirtFrill15,Final production split layer; redraw hidden area before rigging.
06_CAPE_SKIRT_TRANSPARENT_CLOTH,Skirt_Frill_16,paint,"160,365,715,1018",276,S,original,PartSkirtFrill16,Final production split layer; redraw hidden area before rigging.
06_CAPE_SKIRT_TRANSPARENT_CLOTH,Skirt_Frill_17,paint,"160,365,715,1018",277,S,original,PartSkirtFrill17,Final production split layer; redraw hidden area before rigging.
06_CAPE_SKIRT_TRANSPARENT_CLOTH,Skirt_Frill_18,paint,"160,365,715,1018",278,S,original,PartSkirtFrill18,Final production split layer; redraw hidden area before rigging.
06_CAPE_SKIRT_TRANSPARENT_CLOTH,Skirt_Frill_19,paint,"160,365,715,1018",279,S,original,PartSkirtFrill19,Final production split layer; redraw hidden area before rigging.
06_CAPE_SKIRT_TRANSPARENT_CLOTH,Skirt_Frill_20,paint,"160,365,715,1018",280,S,original,PartSkirtFrill20,Final production split layer; redraw hidden area before rigging.
06_CAPE_SKIRT_TRANSPARENT_CLOTH,Skirt_Frill_21,paint,"160,365,715,1018",281,S,original,PartSkirtFrill21,Final production split layer; redraw hidden area before rigging.
06_CAPE_SKIRT_TRANSPARENT_CLOTH,Skirt_Frill_22,paint,"160,365,715,1018",282,S,original,PartSkirtFrill22,Final production split layer; redraw hidden area before rigging.
06_CAPE_SKIRT_TRANSPARENT_CLOTH,Skirt_Frill_23,paint,"160,365,715,1018",283,S,original,PartSkirtFrill23,Final production split layer; redraw hidden area before rigging.
06_CAPE_SKIRT_TRANSPARENT_CLOTH,Skirt_Frill_24,paint,"160,365,715,1018",284,S,original,PartSkirtFrill24,Final production split layer; redraw hidden area before rigging.
07_ARMS_HANDS_BOOK,Arm_L_Upper,paint,"266,278,575,592",285,S,original,PartArmLUpper,Final production split layer; redraw hidden area before rigging.
07_ARMS_HANDS_BOOK,Arm_L_Fore,paint,"266,278,575,592",286,S,original,PartArmLFore,Final production split layer; redraw hidden area before rigging.
07_ARMS_HANDS_BOOK,Wrist_L,paint,"266,278,575,592",287,S,original,PartWristL,Final production split layer; redraw hidden area before rigging.
07_ARMS_HANDS_BOOK,Hand_L_Palm,paint,"266,278,575,592",288,S,original,PartHandLPalm,Final production split layer; redraw hidden area before rigging.
07_ARMS_HANDS_BOOK,Finger_L_Thumb_01,paint,"266,278,575,592",289,S,original,PartFingerLThumb01,Final production split layer; redraw hidden area before rigging.
07_ARMS_HANDS_BOOK,Finger_L_Thumb_02,paint,"266,278,575,592",290,S,original,PartFingerLThumb02,Final production split layer; redraw hidden area before rigging.
07_ARMS_HANDS_BOOK,Finger_L_Index_01,paint,"266,278,575,592",291,S,original,PartFingerLIndex01,Final production split layer; redraw hidden area before rigging.
07_ARMS_HANDS_BOOK,Finger_L_Index_02,paint,"266,278,575,592",292,S,original,PartFingerLIndex02,Final production split layer; redraw hidden area before rigging.
07_ARMS_HANDS_BOOK,Finger_L_Middle_01,paint,"266,278,575,592",293,S,original,PartFingerLMiddle01,Final production split layer; redraw hidden area before rigging.
07_ARMS_HANDS_BOOK,Finger_L_Middle_02,paint,"266,278,575,592",294,S,original,PartFingerLMiddle02,Final production split layer; redraw hidden area before rigging.
07_ARMS_HANDS_BOOK,Finger_L_Ring_01,paint,"266,278,575,592",295,S,original,PartFingerLRing01,Final production split layer; redraw hidden area before rigging.
07_ARMS_HANDS_BOOK,Finger_L_Ring_02,paint,"266,278,575,592",296,S,original,PartFingerLRing02,Final production split layer; redraw hidden area before rigging.
07_ARMS_HANDS_BOOK,Finger_L_Pinky_01,paint,"266,278,575,592",297,S,original,PartFingerLPinky01,Final production split layer; redraw hidden area before rigging.
07_ARMS_HANDS_BOOK,Finger_L_Pinky_02,paint,"266,278,575,592",298,S,original,PartFingerLPinky02,Final production split layer; redraw hidden area before rigging.
07_ARMS_HANDS_BOOK,Arm_R_Upper,paint,"266,278,575,592",299,S,original,PartArmRUpper,Final production split layer; redraw hidden area before rigging.
07_ARMS_HANDS_BOOK,Arm_R_Fore,paint,"266,278,575,592",300,S,original,PartArmRFore,Final production split layer; redraw hidden area before rigging.
07_ARMS_HANDS_BOOK,Wrist_R,paint,"266,278,575,592",301,S,original,PartWristR,Final production split layer; redraw hidden area before rigging.
07_ARMS_HANDS_BOOK,Hand_R_Palm,paint,"266,278,575,592",302,S,original,PartHandRPalm,Final production split layer; redraw hidden area before rigging.
07_ARMS_HANDS_BOOK,Finger_R_Thumb_01,paint,"266,278,575,592",303,S,original,PartFingerRThumb01,Final production split layer; redraw hidden area before rigging.
07_ARMS_HANDS_BOOK,Finger_R_Thumb_02,paint,"266,278,575,592",304,S,original,PartFingerRThumb02,Final production split layer; redraw hidden area before rigging.
07_ARMS_HANDS_BOOK,Finger_R_Index_01,paint,"266,278,575,592",305,S,original,PartFingerRIndex01,Final production split layer; redraw hidden area before rigging.
07_ARMS_HANDS_BOOK,Finger_R_Index_02,paint,"266,278,575,592",306,S,original,PartFingerRIndex02,Final production split layer; redraw hidden area before rigging.
07_ARMS_HANDS_BOOK,Finger_R_Middle_01,paint,"266,278,575,592",307,S,original,PartFingerRMiddle01,Final production split layer; redraw hidden area before rigging.
07_ARMS_HANDS_BOOK,Finger_R_Middle_02,paint,"266,278,575,592",308,S,original,PartFingerRMiddle02,Final production split layer; redraw hidden area before rigging.
07_ARMS_HANDS_BOOK,Finger_R_Ring_01,paint,"266,278,575,592",309,S,original,PartFingerRRing01,Final production split layer; redraw hidden area before rigging.
07_ARMS_HANDS_BOOK,Finger_R_Ring_02,paint,"266,278,575,592",310,S,original,PartFingerRRing02,Final production split layer; redraw hidden area before rigging.
07_ARMS_HANDS_BOOK,Finger_R_Pinky_01,paint,"266,278,575,592",311,S,original,PartFingerRPinky01,Final production split layer; redraw hidden area before rigging.
07_ARMS_HANDS_BOOK,Finger_R_Pinky_02,paint,"266,278,575,592",312,S,original,PartFingerRPinky02,Final production split layer; redraw hidden area before rigging.
07_ARMS_HANDS_BOOK,Book_FrontCover,paint,"266,278,575,592",313,S,original,PartBookFrontcover,Final production split layer; redraw hidden area before rigging.
07_ARMS_HANDS_BOOK,Book_BackCover,paint,"266,278,575,592",314,S,original,PartBookBackcover,Final production split layer; redraw hidden area before rigging.
07_ARMS_HANDS_BOOK,Book_Spine,paint,"266,278,575,592",315,S,original,PartBookSpine,Final production split layer; redraw hidden area before rigging.
07_ARMS_HANDS_BOOK,Book_PageBlock,paint,"266,278,575,592",316,S,original,PartBookPageblock,Final production split layer; redraw hidden area before rigging.
07_ARMS_HANDS_BOOK,Book_PageFlip_01,paint,"266,278,575,592",317,S,original,PartBookPageflip01,Final production split layer; redraw hidden area before rigging.
07_ARMS_HANDS_BOOK,Book_PageFlip_02,paint,"266,278,575,592",318,S,original,PartBookPageflip02,Final production split layer; redraw hidden area before rigging.
07_ARMS_HANDS_BOOK,Book_PageFlip_03,paint,"266,278,575,592",319,S,original,PartBookPageflip03,Final production split layer; redraw hidden area before rigging.
07_ARMS_HANDS_BOOK,Book_Bookmark,paint,"266,278,575,592",320,S,original,PartBookBookmark,Final production split layer; redraw hidden area before rigging.
07_ARMS_HANDS_BOOK,Book_MetalClasp,paint,"266,278,575,592",321,S,original,PartBookMetalclasp,Final production split layer; redraw hidden area before rigging.
07_ARMS_HANDS_BOOK,Book_Corner_Highlight,paint,"266,278,575,592",322,S,original,PartBookCornerHighlight,Final production split layer; redraw hidden area before rigging.
08_LEGS_SOCKS_SHOES_WATCH,Leg_L_Thigh,paint,"292,518,546,1088",323,S,original,PartLegLThigh,Final production split layer; redraw hidden area before rigging.
08_LEGS_SOCKS_SHOES_WATCH,Leg_L_Knee,paint,"292,518,546,1088",324,S,original,PartLegLKnee,Final production split layer; redraw hidden area before rigging.
08_LEGS_SOCKS_SHOES_WATCH,Leg_L_Calf,paint,"292,518,546,1088",325,S,original,PartLegLCalf,Final production split layer; redraw hidden area before rigging.
08_LEGS_SOCKS_SHOES_WATCH,Leg_L_Backfill,redraw,"292,518,546,1088",326,S,original,PartLegLBackfill,Final production split layer; redraw hidden area before rigging.
08_LEGS_SOCKS_SHOES_WATCH,Leg_R_Thigh,paint,"292,518,546,1088",327,S,original,PartLegRThigh,Final production split layer; redraw hidden area before rigging.
08_LEGS_SOCKS_SHOES_WATCH,Leg_R_Knee,paint,"292,518,546,1088",328,S,original,PartLegRKnee,Final production split layer; redraw hidden area before rigging.
08_LEGS_SOCKS_SHOES_WATCH,Leg_R_Calf,paint,"292,518,546,1088",329,S,original,PartLegRCalf,Final production split layer; redraw hidden area before rigging.
08_LEGS_SOCKS_SHOES_WATCH,Leg_R_Backfill,redraw,"292,518,546,1088",330,S,original,PartLegRBackfill,Final production split layer; redraw hidden area before rigging.
08_LEGS_SOCKS_SHOES_WATCH,Sock_L_Base,redraw,"292,518,546,1088",331,S,original,PartSockLBase,Final production split layer; redraw hidden area before rigging.
08_LEGS_SOCKS_SHOES_WATCH,Sock_L_Fold_01,paint,"292,518,546,1088",332,S,original,PartSockLFold01,Final production split layer; redraw hidden area before rigging.
08_LEGS_SOCKS_SHOES_WATCH,Sock_L_Fold_02,paint,"292,518,546,1088",333,S,original,PartSockLFold02,Final production split layer; redraw hidden area before rigging.
08_LEGS_SOCKS_SHOES_WATCH,Sock_L_Ruffle_01,paint,"292,518,546,1088",334,S,original,PartSockLRuffle01,Final production split layer; redraw hidden area before rigging.
08_LEGS_SOCKS_SHOES_WATCH,Sock_L_Ruffle_02,paint,"292,518,546,1088",335,S,original,PartSockLRuffle02,Final production split layer; redraw hidden area before rigging.
08_LEGS_SOCKS_SHOES_WATCH,Sock_L_Emblem,paint,"292,518,546,1088",336,S,original,PartSockLEmblem,Final production split layer; redraw hidden area before rigging.
08_LEGS_SOCKS_SHOES_WATCH,Sock_R_Base,redraw,"292,518,546,1088",337,S,original,PartSockRBase,Final production split layer; redraw hidden area before rigging.
08_LEGS_SOCKS_SHOES_WATCH,Sock_R_Fold_01,paint,"292,518,546,1088",338,S,original,PartSockRFold01,Final production split layer; redraw hidden area before rigging.
08_LEGS_SOCKS_SHOES_WATCH,Sock_R_Fold_02,paint,"292,518,546,1088",339,S,original,PartSockRFold02,Final production split layer; redraw hidden area before rigging.
08_LEGS_SOCKS_SHOES_WATCH,Shoe_L_Base,redraw,"292,518,546,1088",340,S,original,PartShoeLBase,Final production split layer; redraw hidden area before rigging.
08_LEGS_SOCKS_SHOES_WATCH,Shoe_L_Sole,paint,"292,518,546,1088",341,S,original,PartShoeLSole,Final production split layer; redraw hidden area before rigging.
08_LEGS_SOCKS_SHOES_WATCH,Shoe_L_Strap,paint,"292,518,546,1088",342,S,original,PartShoeLStrap,Final production split layer; redraw hidden area before rigging.
08_LEGS_SOCKS_SHOES_WATCH,Shoe_L_Buckle,paint,"292,518,546,1088",343,S,original,PartShoeLBuckle,Final production split layer; redraw hidden area before rigging.
08_LEGS_SOCKS_SHOES_WATCH,Shoe_L_Highlight,paint,"292,518,546,1088",344,S,original,PartShoeLHighlight,Final production split layer; redraw hidden area before rigging.
08_LEGS_SOCKS_SHOES_WATCH,Shoe_L_Bow,paint,"292,518,546,1088",345,S,original,PartShoeLBow,Final production split layer; redraw hidden area before rigging.
08_LEGS_SOCKS_SHOES_WATCH,Shoe_R_Base,redraw,"292,518,546,1088",346,S,original,PartShoeRBase,Final production split layer; redraw hidden area before rigging.
08_LEGS_SOCKS_SHOES_WATCH,Shoe_R_Sole,paint,"292,518,546,1088",347,S,original,PartShoeRSole,Final production split layer; redraw hidden area before rigging.
08_LEGS_SOCKS_SHOES_WATCH,Shoe_R_Strap,paint,"292,518,546,1088",348,S,original,PartShoeRStrap,Final production split layer; redraw hidden area before rigging.
08_LEGS_SOCKS_SHOES_WATCH,Shoe_R_Buckle,paint,"292,518,546,1088",349,S,original,PartShoeRBuckle,Final production split layer; redraw hidden area before rigging.
08_LEGS_SOCKS_SHOES_WATCH,Shoe_R_Highlight,paint,"292,518,546,1088",350,S,original,PartShoeRHighlight,Final production split layer; redraw hidden area before rigging.
08_LEGS_SOCKS_SHOES_WATCH,GarterFlower_Center,paint,"292,518,546,1088",351,S,original,PartGarterflowerCenter,Final production split layer; redraw hidden area before rigging.
08_LEGS_SOCKS_SHOES_WATCH,GarterFlower_Petal_01,paint,"292,518,546,1088",352,S,original,PartGarterflowerPetal01,Final production split layer; redraw hidden area before rigging.
08_LEGS_SOCKS_SHOES_WATCH,GarterFlower_Petal_02,paint,"292,518,546,1088",353,S,original,PartGarterflowerPetal02,Final production split layer; redraw hidden area before rigging.
08_LEGS_SOCKS_SHOES_WATCH,Garter_Ribbon_L,paint,"292,518,546,1088",354,S,original,PartGarterRibbonL,Final production split layer; redraw hidden area before rigging.
08_LEGS_SOCKS_SHOES_WATCH,Garter_Ribbon_R,paint,"292,518,546,1088",355,S,original,PartGarterRibbonR,Final production split layer; redraw hidden area before rigging.
08_LEGS_SOCKS_SHOES_WATCH,PocketWatch_Body,paint,"292,518,546,1088",356,S,original,PartPocketwatchBody,Final production split layer; redraw hidden area before rigging.
08_LEGS_SOCKS_SHOES_WATCH,PocketWatch_Rim,paint,"292,518,546,1088",357,S,original,PartPocketwatchRim,Final production split layer; redraw hidden area before rigging.
08_LEGS_SOCKS_SHOES_WATCH,PocketWatch_Glass,paint,"292,518,546,1088",358,S,original,PartPocketwatchGlass,Final production split layer; redraw hidden area before rigging.
08_LEGS_SOCKS_SHOES_WATCH,PocketWatch_Hand_Hour,paint,"292,518,546,1088",359,S,original,PartPocketwatchHandHour,Final production split layer; redraw hidden area before rigging.
08_LEGS_SOCKS_SHOES_WATCH,PocketWatch_Hand_Minute,paint,"292,518,546,1088",360,S,original,PartPocketwatchHandMinute,Final production split layer; redraw hidden area before rigging.
08_LEGS_SOCKS_SHOES_WATCH,WatchChain_Link_01,paint,"292,518,546,1088",361,S,original,PartWatchchainLink01,Final production split layer; redraw hidden area before rigging.
08_LEGS_SOCKS_SHOES_WATCH,WatchChain_Link_02,paint,"292,518,546,1088",362,S,original,PartWatchchainLink02,Final production split layer; redraw hidden area before rigging.
08_LEGS_SOCKS_SHOES_WATCH,WatchChain_Link_03,paint,"292,518,546,1088",363,S,original,PartWatchchainLink03,Final production split layer; redraw hidden area before rigging.
08_LEGS_SOCKS_SHOES_WATCH,WatchChain_Link_04,paint,"292,518,546,1088",364,S,original,PartWatchchainLink04,Final production split layer; redraw hidden area before rigging.
08_LEGS_SOCKS_SHOES_WATCH,WatchChain_Link_05,paint,"292,518,546,1088",365,S,original,PartWatchchainLink05,Final production split layer; redraw hidden area before rigging.
08_LEGS_SOCKS_SHOES_WATCH,WatchChain_Link_06,paint,"292,518,546,1088",366,S,original,PartWatchchainLink06,Final production split layer; redraw hidden area before rigging.
08_LEGS_SOCKS_SHOES_WATCH,WatchChain_Link_07,paint,"292,518,546,1088",367,S,original,PartWatchchainLink07,Final production split layer; redraw hidden area before rigging.
08_LEGS_SOCKS_SHOES_WATCH,WatchChain_Link_08,paint,"292,518,546,1088",368,S,original,PartWatchchainLink08,Final production split layer; redraw hidden area before rigging.
08_LEGS_SOCKS_SHOES_WATCH,WatchChain_Link_09,paint,"292,518,546,1088",369,S,original,PartWatchchainLink09,Final production split layer; redraw hidden area before rigging.
08_LEGS_SOCKS_SHOES_WATCH,WatchChain_Link_10,paint,"292,518,546,1088",370,S,original,PartWatchchainLink10,Final production split layer; redraw hidden area before rigging.
08_LEGS_SOCKS_SHOES_WATCH,WatchChain_Link_11,paint,"292,518,546,1088",371,S,original,PartWatchchainLink11,Final production split layer; redraw hidden area before rigging.
08_LEGS_SOCKS_SHOES_WATCH,WatchChain_Link_12,paint,"292,518,546,1088",372,S,original,PartWatchchainLink12,Final production split layer; redraw hidden area before rigging.
08_LEGS_SOCKS_SHOES_WATCH,WatchChain_Link_13,paint,"292,518,546,1088",373,S,original,PartWatchchainLink13,Final production split layer; redraw hidden area before rigging.
08_LEGS_SOCKS_SHOES_WATCH,WatchChain_Link_14,paint,"292,518,546,1088",374,S,original,PartWatchchainLink14,Final production split layer; redraw hidden area before rigging.
08_LEGS_SOCKS_SHOES_WATCH,WatchChain_Link_15,paint,"292,518,546,1088",375,S,original,PartWatchchainLink15,Final production split layer; redraw hidden area before rigging.
08_LEGS_SOCKS_SHOES_WATCH,WatchChain_Link_16,paint,"292,518,546,1088",376,S,original,PartWatchchainLink16,Final production split layer; redraw hidden area before rigging.
08_LEGS_SOCKS_SHOES_WATCH,WatchChain_Link_17,paint,"292,518,546,1088",377,S,original,PartWatchchainLink17,Final production split layer; redraw hidden area before rigging.
08_LEGS_SOCKS_SHOES_WATCH,WatchChain_Link_18,paint,"292,518,546,1088",378,S,original,PartWatchchainLink18,Final production split layer; redraw hidden area before rigging.
08_LEGS_SOCKS_SHOES_WATCH,Watch_Tassel_01,paint,"292,518,546,1088",379,S,original,PartWatchTassel01,Final production split layer; redraw hidden area before rigging.
08_LEGS_SOCKS_SHOES_WATCH,Watch_Tassel_02,paint,"292,518,546,1088",380,S,original,PartWatchTassel02,Final production split layer; redraw hidden area before rigging.
08_LEGS_SOCKS_SHOES_WATCH,Watch_Tassel_03,paint,"292,518,546,1088",381,S,original,PartWatchTassel03,Final production split layer; redraw hidden area before rigging.
09_HEAD_ACCESSORIES_EFFECTS,HeadFlower_Petal_01,paint,"119,111,735,920",382,A,original,PartHeadflowerPetal01,Final production split layer; redraw hidden area before rigging.
09_HEAD_ACCESSORIES_EFFECTS,HeadFlower_Petal_02,paint,"119,111,735,920",383,A,original,PartHeadflowerPetal02,Final production split layer; redraw hidden area before rigging.
09_HEAD_ACCESSORIES_EFFECTS,HeadFlower_Petal_03,paint,"119,111,735,920",384,A,original,PartHeadflowerPetal03,Final production split layer; redraw hidden area before rigging.
09_HEAD_ACCESSORIES_EFFECTS,HeadFlower_Petal_04,paint,"119,111,735,920",385,A,original,PartHeadflowerPetal04,Final production split layer; redraw hidden area before rigging.
09_HEAD_ACCESSORIES_EFFECTS,HeadFlower_Petal_05,paint,"119,111,735,920",386,A,original,PartHeadflowerPetal05,Final production split layer; redraw hidden area before rigging.
09_HEAD_ACCESSORIES_EFFECTS,HeadFlower_Petal_06,paint,"119,111,735,920",387,A,original,PartHeadflowerPetal06,Final production split layer; redraw hidden area before rigging.
09_HEAD_ACCESSORIES_EFFECTS,HeadFlower_Petal_07,paint,"119,111,735,920",388,A,original,PartHeadflowerPetal07,Final production split layer; redraw hidden area before rigging.
09_HEAD_ACCESSORIES_EFFECTS,HeadFlower_Petal_08,paint,"119,111,735,920",389,A,original,PartHeadflowerPetal08,Final production split layer; redraw hidden area before rigging.
09_HEAD_ACCESSORIES_EFFECTS,HeadFlower_Petal_09,paint,"119,111,735,920",390,A,original,PartHeadflowerPetal09,Final production split layer; redraw hidden area before rigging.
09_HEAD_ACCESSORIES_EFFECTS,HeadFlower_Petal_10,paint,"119,111,735,920",391,A,original,PartHeadflowerPetal10,Final production split layer; redraw hidden area before rigging.
09_HEAD_ACCESSORIES_EFFECTS,HeadFlower_Petal_11,paint,"119,111,735,920",392,A,original,PartHeadflowerPetal11,Final production split layer; redraw hidden area before rigging.
09_HEAD_ACCESSORIES_EFFECTS,HeadFlower_Petal_12,paint,"119,111,735,920",393,A,original,PartHeadflowerPetal12,Final production split layer; redraw hidden area before rigging.
09_HEAD_ACCESSORIES_EFFECTS,HeadFlower_Center,paint,"119,111,735,920",394,A,original,PartHeadflowerCenter,Final production split layer; redraw hidden area before rigging.
09_HEAD_ACCESSORIES_EFFECTS,HeadFlower_Shadow,paint,"119,111,735,920",395,A,original,PartHeadflowerShadow,Final production split layer; redraw hidden area before rigging.
09_HEAD_ACCESSORIES_EFFECTS,HeadFlower_Highlight,paint,"119,111,735,920",396,A,original,PartHeadflowerHighlight,Final production split layer; redraw hidden area before rigging.
09_HEAD_ACCESSORIES_EFFECTS,BlackRibbon_Knot,paint,"119,111,735,920",397,A,original,PartBlackribbonKnot,Final production split layer; redraw hidden area before rigging.
09_HEAD_ACCESSORIES_EFFECTS,BlackRibbon_Loop_L,paint,"119,111,735,920",398,A,original,PartBlackribbonLoopL,Final production split layer; redraw hidden area before rigging.
09_HEAD_ACCESSORIES_EFFECTS,BlackRibbon_Loop_R,paint,"119,111,735,920",399,A,original,PartBlackribbonLoopR,Final production split layer; redraw hidden area before rigging.
09_HEAD_ACCESSORIES_EFFECTS,BlackRibbon_Tail_L,paint,"119,111,735,920",400,A,original,PartBlackribbonTailL,Final production split layer; redraw hidden area before rigging.
09_HEAD_ACCESSORIES_EFFECTS,BlackRibbon_Tail_R,paint,"119,111,735,920",401,A,original,PartBlackribbonTailR,Final production split layer; redraw hidden area before rigging.
09_HEAD_ACCESSORIES_EFFECTS,FloatingPaper_01,paint,"119,111,735,920",402,A,original,PartFloatingpaper01,Final production split layer; redraw hidden area before rigging.
09_HEAD_ACCESSORIES_EFFECTS,FloatingPaper_02,paint,"119,111,735,920",403,A,original,PartFloatingpaper02,Final production split layer; redraw hidden area before rigging.
09_HEAD_ACCESSORIES_EFFECTS,FloatingPaper_03,paint,"119,111,735,920",404,A,original,PartFloatingpaper03,Final production split layer; redraw hidden area before rigging.
09_HEAD_ACCESSORIES_EFFECTS,FloatingPaper_04,paint,"119,111,735,920",405,A,original,PartFloatingpaper04,Final production split layer; redraw hidden area before rigging.
09_HEAD_ACCESSORIES_EFFECTS,FloatingPaper_05,paint,"119,111,735,920",406,A,original,PartFloatingpaper05,Final production split layer; redraw hidden area before rigging.
09_HEAD_ACCESSORIES_EFFECTS,FloatingPaper_06,paint,"119,111,735,920",407,A,original,PartFloatingpaper06,Final production split layer; redraw hidden area before rigging.
09_HEAD_ACCESSORIES_EFFECTS,FloatingPaper_07,paint,"119,111,735,920",408,A,original,PartFloatingpaper07,Final production split layer; redraw hidden area before rigging.
09_HEAD_ACCESSORIES_EFFECTS,FloatingPaper_08,paint,"119,111,735,920",409,A,original,PartFloatingpaper08,Final production split layer; redraw hidden area before rigging.
09_HEAD_ACCESSORIES_EFFECTS,FloatingPaper_09,paint,"119,111,735,920",410,A,original,PartFloatingpaper09,Final production split layer; redraw hidden area before rigging.
09_HEAD_ACCESSORIES_EFFECTS,FloatingPaper_10,paint,"119,111,735,920",411,A,original,PartFloatingpaper10,Final production split layer; redraw hidden area before rigging.
09_HEAD_ACCESSORIES_EFFECTS,FloatingPaper_11,paint,"119,111,735,920",412,A,original,PartFloatingpaper11,Final production split layer; redraw hidden area before rigging.
09_HEAD_ACCESSORIES_EFFECTS,FloatingPaper_12,paint,"119,111,735,920",413,A,original,PartFloatingpaper12,Final production split layer; redraw hidden area before rigging.
09_HEAD_ACCESSORIES_EFFECTS,Petal_01,paint,"119,111,735,920",414,A,original,PartPetal01,Final production split layer; redraw hidden area before rigging.
09_HEAD_ACCESSORIES_EFFECTS,Petal_02,paint,"119,111,735,920",415,A,original,PartPetal02,Final production split layer; redraw hidden area before rigging.
09_HEAD_ACCESSORIES_EFFECTS,Petal_03,paint,"119,111,735,920",416,A,original,PartPetal03,Final production split layer; redraw hidden area before rigging.
09_HEAD_ACCESSORIES_EFFECTS,Petal_04,paint,"119,111,735,920",417,A,original,PartPetal04,Final production split layer; redraw hidden area before rigging.
09_HEAD_ACCESSORIES_EFFECTS,Petal_05,paint,"119,111,735,920",418,A,original,PartPetal05,Final production split layer; redraw hidden area before rigging.
09_HEAD_ACCESSORIES_EFFECTS,Petal_06,paint,"119,111,735,920",419,A,original,PartPetal06,Final production split layer; redraw hidden area before rigging.
09_HEAD_ACCESSORIES_EFFECTS,Petal_07,paint,"119,111,735,920",420,A,original,PartPetal07,Final production split layer; redraw hidden area before rigging.
09_HEAD_ACCESSORIES_EFFECTS,Petal_08,paint,"119,111,735,920",421,A,original,PartPetal08,Final production split layer; redraw hidden area before rigging.
09_HEAD_ACCESSORIES_EFFECTS,Petal_09,paint,"119,111,735,920",422,A,original,PartPetal09,Final production split layer; redraw hidden area before rigging.
09_HEAD_ACCESSORIES_EFFECTS,Petal_10,paint,"119,111,735,920",423,A,original,PartPetal10,Final production split layer; redraw hidden area before rigging.
09_HEAD_ACCESSORIES_EFFECTS,Petal_11,paint,"119,111,735,920",424,A,original,PartPetal11,Final production split layer; redraw hidden area before rigging.
09_HEAD_ACCESSORIES_EFFECTS,Petal_12,paint,"119,111,735,920",425,A,original,PartPetal12,Final production split layer; redraw hidden area before rigging.
09_HEAD_ACCESSORIES_EFFECTS,Petal_13,paint,"119,111,735,920",426,A,original,PartPetal13,Final production split layer; redraw hidden area before rigging.
09_HEAD_ACCESSORIES_EFFECTS,Petal_14,paint,"119,111,735,920",427,A,original,PartPetal14,Final production split layer; redraw hidden area before rigging.
09_HEAD_ACCESSORIES_EFFECTS,Petal_15,paint,"119,111,735,920",428,A,original,PartPetal15,Final production split layer; redraw hidden area before rigging.
09_HEAD_ACCESSORIES_EFFECTS,Petal_16,paint,"119,111,735,920",429,A,original,PartPetal16,Final production split layer; redraw hidden area before rigging.
09_HEAD_ACCESSORIES_EFFECTS,Petal_17,paint,"119,111,735,920",430,A,original,PartPetal17,Final production split layer; redraw hidden area before rigging.
09_HEAD_ACCESSORIES_EFFECTS,Petal_18,paint,"119,111,735,920",431,A,original,PartPetal18,Final production split layer; redraw hidden area before rigging.
09_HEAD_ACCESSORIES_EFFECTS,Petal_19,paint,"119,111,735,920",432,A,original,PartPetal19,Final production split layer; redraw hidden area before rigging.
09_HEAD_ACCESSORIES_EFFECTS,Petal_20,paint,"119,111,735,920",433,A,original,PartPetal20,Final production split layer; redraw hidden area before rigging.
09_HEAD_ACCESSORIES_EFFECTS,Petal_21,paint,"119,111,735,920",434,A,original,PartPetal21,Final production split layer; redraw hidden area before rigging.
09_HEAD_ACCESSORIES_EFFECTS,Petal_22,paint,"119,111,735,920",435,A,original,PartPetal22,Final production split layer; redraw hidden area before rigging.
09_HEAD_ACCESSORIES_EFFECTS,Petal_23,paint,"119,111,735,920",436,A,original,PartPetal23,Final production split layer; redraw hidden area before rigging.
09_HEAD_ACCESSORIES_EFFECTS,Petal_24,paint,"119,111,735,920",437,A,original,PartPetal24,Final production split layer; redraw hidden area before rigging.
09_HEAD_ACCESSORIES_EFFECTS,Petal_25,paint,"119,111,735,920",438,A,original,PartPetal25,Final production split layer; redraw hidden area before rigging.
09_HEAD_ACCESSORIES_EFFECTS,Petal_26,paint,"119,111,735,920",439,A,original,PartPetal26,Final production split layer; redraw hidden area before rigging.
09_HEAD_ACCESSORIES_EFFECTS,Petal_27,paint,"119,111,735,920",440,A,original,PartPetal27,Final production split layer; redraw hidden area before rigging.
09_HEAD_ACCESSORIES_EFFECTS,Petal_28,paint,"119,111,735,920",441,A,original,PartPetal28,Final production split layer; redraw hidden area before rigging.
09_HEAD_ACCESSORIES_EFFECTS,Petal_29,paint,"119,111,735,920",442,A,original,PartPetal29,Final production split layer; redraw hidden area before rigging.
09_HEAD_ACCESSORIES_EFFECTS,Petal_30,paint,"119,111,735,920",443,A,original,PartPetal30,Final production split layer; redraw hidden area before rigging.
09_HEAD_ACCESSORIES_EFFECTS,Sparkle_01,paint,"119,111,735,920",444,A,original,PartSparkle01,Final production split layer; redraw hidden area before rigging.
09_HEAD_ACCESSORIES_EFFECTS,Sparkle_02,paint,"119,111,735,920",445,A,original,PartSparkle02,Final production split layer; redraw hidden area before rigging.
09_HEAD_ACCESSORIES_EFFECTS,Sparkle_03,paint,"119,111,735,920",446,A,original,PartSparkle03,Final production split layer; redraw hidden area before rigging.
09_HEAD_ACCESSORIES_EFFECTS,AI_Glitch_Line_01,paint,"119,111,735,920",447,A,original,PartAiGlitchLine01,Final production split layer; redraw hidden area before rigging.
09_HEAD_ACCESSORIES_EFFECTS,AI_Glitch_Line_02,paint,"119,111,735,920",448,A,original,PartAiGlitchLine02,Final production split layer; redraw hidden area before rigging.
10_SCENE_OPTIONAL,BookStack_Book_01,paint,"591,49,812,1076",449,A,original,PartBookstackBook01,Final production split layer; redraw hidden area before rigging.
10_SCENE_OPTIONAL,BookStack_Book_02,paint,"591,49,812,1076",450,A,original,PartBookstackBook02,Final production split layer; redraw hidden area before rigging.
10_SCENE_OPTIONAL,BookStack_Book_03,paint,"591,49,812,1076",451,A,original,PartBookstackBook03,Final production split layer; redraw hidden area before rigging.
10_SCENE_OPTIONAL,OpenBook_LeftPage,paint,"591,49,812,1076",452,A,original,PartOpenbookLeftpage,Final production split layer; redraw hidden area before rigging.
10_SCENE_OPTIONAL,OpenBook_RightPage,paint,"591,49,812,1076",453,A,original,PartOpenbookRightpage,Final production split layer; redraw hidden area before rigging.
10_SCENE_OPTIONAL,Cup_Base,redraw,"591,49,812,1076",454,A,original,PartCupBase,Final production split layer; redraw hidden area before rigging.
10_SCENE_OPTIONAL,Cup_Logo_Original,paint,"591,49,812,1076",455,A,replace,PartCupLogoOriginal,Final production split layer; redraw hidden area before rigging.
10_SCENE_OPTIONAL,Vase_Base,redraw,"591,49,812,1076",456,A,original,PartVaseBase,Final production split layer; redraw hidden area before rigging.
10_SCENE_OPTIONAL,Vase_Highlight,paint,"591,49,812,1076",457,A,original,PartVaseHighlight,Final production split layer; redraw hidden area before rigging.
10_SCENE_OPTIONAL,FlowerStem_01,paint,"591,49,812,1076",458,A,original,PartFlowerstem01,Final production split layer; redraw hidden area before rigging.
10_SCENE_OPTIONAL,FlowerStem_02,paint,"591,49,812,1076",459,A,original,PartFlowerstem02,Final production split layer; redraw hidden area before rigging.
10_SCENE_OPTIONAL,FlowerStem_03,paint,"591,49,812,1076",460,A,original,PartFlowerstem03,Final production split layer; redraw hidden area before rigging.
10_SCENE_OPTIONAL,FlowerPetal_Set,paint,"591,49,812,1076",461,A,original,PartFlowerpetalSet,Final production split layer; redraw hidden area before rigging.
10_SCENE_OPTIONAL,Compass_Ring_01,paint,"591,49,812,1076",462,A,original,PartCompassRing01,Final production split layer; redraw hidden area before rigging.
10_SCENE_OPTIONAL,Compass_Ring_02,paint,"591,49,812,1076",463,A,original,PartCompassRing02,Final production split layer; redraw hidden area before rigging.
10_SCENE_OPTIONAL,Compass_Starflower,paint,"591,49,812,1076",464,A,original,PartCompassStarflower,Final production split layer; redraw hidden area before rigging.
10_SCENE_OPTIONAL,Background_Frame,paint,"591,49,812,1076",465,A,original,PartBackgroundFrame,Final production split layer; redraw hidden area before rigging.
10_SCENE_OPTIONAL,Background_PaperTexture,paint,"591,49,812,1076",466,A,original,PartBackgroundPapertexture,Final production split layer; redraw hidden area before rigging.
